Line,Original,Corrected,FullContent
7,"- 다우 +0.55%, 나스닥 +1.13%, S&P 500 +0.75%, 러셀 2000 +0.63% 올랐습니다.","다우 +0.55%, 나스닥 +1.13%, S&P500 +0.75%, 러셀2000은 +0.63% 올랐습니다.","- 다우 +0.55%, 나스닥 +1.13%, S&P 500 +0.75%, 러셀 2000 +0.63% 올랐습니다. -> 다우 +0.55%, 나스닥 +1.13%, S&P500 +0.75%, 러셀2000은 +0.63% 올랐습니다. (조사 추가)"
8,- 대중국 매출 증가 기대감으로 급등했습니다,대중국 매출 증가에 대한 기대감으로 급등했습니다,- 대중국 매출 증가 기대감으로 급등했습니다 -> 대중국 매출 증가에 대한 기대감으로 급등했습니다
9,- 코로나 정책 완화 기대감,코로나 정책 완화에 대한 기대,- 코로나 정책 완화 기대감 -> 코로나 정책 완화에 대한 기대
11,- S&P 500,S&P500,- S&P 500 -> S&P500
12,- 러셀 2000,러셀2000,- 러셀 2000 -> 러셀2000
16,- 국방부,미 국방부,- 국방부 -> 미 국방부
17,- 대규모 클라우드 계약 체결,대규모 클라우드 컴퓨팅 프로젝트 관련 계약 체결,- 대규모 클라우드 계약 체결 -> 대규모 클라우드 컴퓨팅 프로젝트 관련 계약 체결
18,- 달러/원 환율은 3원 하락 출발이 예상됩니다.,"N답변F 달러/원 환율 1개월물은 1,316.10원으로 이를 반영하면 달러/원 환율은 3원 하락 출발이 예상됩니다.","- 달러/원 환율은 3원 하락 출발이 예상됩니다. -> N답변F 달러/원 환율 1개월물은 1,316.10원으로 이를 반영하면 달러/원 환율은 3원 하락 출발이 예상됩니다."
19,- '한국 증시 전망'에 '미 증시가 반발 매수세가 유입되며 ~ 긍정적인 영향을 줄 것으로 전망' 부분을 포함해야 할 듯 함,주요 내용으로 보임,- '한국 증시 전망'에 '미 증시가 반발 매수세가 유입되며 ~ 긍정적인 영향을 줄 것으로 전망' 부분을 포함해야 할 듯 함 -> 주요 내용으로 보임
24,"- '소제목'은 목록형 답변이 아니기 때문에, 4의 배수로 하위 레벨 불릿 사용할 필요 X",답변 작성하시고 툴에서 마크다운 어떻게 적용됐는지 한번 확인 필요. (현재 툴에 마크다운 제대로 적용되어 있지 않음),"- '소제목'은 목록형 답변이 아니기 때문에, 4의 배수로 하위 레벨 불릿 사용할 필요 X -> 답변 작성하시고 툴에서 마크다운 어떻게 적용됐는지 한번 확인 필요. (현재 툴에 마크다운 제대로 적용되어 있지 않음)"
25,- 대중국 마찰 완화 기대감,대중국 마찰 완화에 대한 기대,- 대중국 마찰 완화 기대감 -> 대중국 마찰 완화에 대한 기대
33,"- 조사 누락 + 이미지 정보 정확하게 작성 필요 + 띄어쓰기: 한국 증시는 장 초반 약 0.7% 상승 출발 후, 점차 상승폭이 커질것으로 보입니다.","한국 증시는 장 초반에 약 0.7% 내외 상승 출발 후, 점차 상승폭이 커질 것으로 보입니다.","- 조사 누락 + 이미지 정보 정확하게 작성 필요 + 띄어쓰기: 한국 증시는 장 초반 약 0.7% 상승 출발 후, 점차 상승폭이 커질것으로 보입니다. -> 한국 증시는 장 초반에 약 0.7% 내외 상승 출발 후, 점차 상승폭이 커질 것으로 보입니다."
39,- 아마존과 디즈니 등 개별 종목에 대한 악재도 부담이 가중되었습니다.,아마존과 디즈니 등 개별 종목에 대한 악재도 미국 증시에 부담을 가중시키는 요인으로 작용했습니다.,- 아마존과 디즈니 등 개별 종목에 대한 악재도 부담이 가중되었습니다. -> 아마존과 디즈니 등 개별 종목에 대한 악재도 미국 증시에 부담을 가중시키는 요인으로 작용했습니다.
43,- 문장 부자연스러움: U가 메타 플랫폼스에 대해 반독점 금지법을 위반했다고 고지하자 주가가 내렸습니다,U가 메타 플랫폼스에 대해 반독점 금지법을 위반했다고 고지하자 주가가 내려갔습니다.,- 문장 부자연스러움: U가 메타 플랫폼스에 대해 반독점 금지법을 위반했다고 고지하자 주가가 내렸습니다 -> U가 메타 플랫폼스에 대해 반독점 금지법을 위반했다고 고지하자 주가가 내려갔습니다.
45,"- 조사 누락: MSCI 한국 지수 ETF 0.64%, MSCI 신흥 지수 ETF는 0.08% 상승이 전망됩니다.","MSCI 한국 지수 ETF 0.64%, MSCI 신흥 지수 ETF는 0.08% 상승이 전망됩니다.","- 조사 누락: MSCI 한국 지수 ETF 0.64%, MSCI 신흥 지수 ETF는 0.08% 상승이 전망됩니다. -> MSCI 한국 지수 ETF 0.64%, MSCI 신흥 지수 ETF는 0.08% 상승이 전망됩니다."
54,"- '소제목'은 목록형 답변이 아니기 때문에, 4의 배수로 하위 레벨 불릿 사용할 필요 X",답변 작성하시고 툴에서 마크다운 어떻게 적용됐는지 한번 확인 필요. (현재 툴에 마크다운 제대로 적용되어 있지 않음),"- '소제목'은 목록형 답변이 아니기 때문에, 4의 배수로 하위 레벨 불릿 사용할 필요 X -> 답변 작성하시고 툴에서 마크다운 어떻게 적용됐는지 한번 확인 필요. (현재 툴에 마크다운 제대로 적용되어 있지 않음)"
55,- 이 정도 분량은 '요약'에 가깝다고 봐주시면 됩니다. 설명문은 좀 더 이미지의 구체적인 내용들을 많이 담고 있어야 해요 (그렇기 때문에 전체 설명문이 다른 턴들과 일부 중복되는 것은 어느 정도 감안 가능),그냥 첫 번째 턴은 전체 요약으로 고정하고 나머지 턴들을 다른 질의로 작성하시는 게 가장 쉬울 수도 있습니다.,- 이 정도 분량은 '요약'에 가깝다고 봐주시면 됩니다. 설명문은 좀 더 이미지의 구체적인 내용들을 많이 담고 있어야 해요 (그렇기 때문에 전체 설명문이 다른 턴들과 일부 중복되는 것은 어느 정도 감안 가능) -> 그냥 첫 번째 턴은 전체 요약으로 고정하고 나머지 턴들을 다른 질의로 작성하시는 게 가장 쉬울 수도 있습니다.
58,- 미국 증시의 하락 주요 요인과 한국 시장에 미친 영향을 다음과 같이 정리할 수 있습니다.,미국 증시 하락의 주요 요인과 한국 시장에 미친 영향을 다음과 같이 정리할 수 있습니다.,- 미국 증시의 하락 주요 요인과 한국 시장에 미친 영향을 다음과 같이 정리할 수 있습니다. -> 미국 증시 하락의 주요 요인과 한국 시장에 미친 영향을 다음과 같이 정리할 수 있습니다.
59,- 달러 약세 흐름 지속과,달러 약세 흐름의 지속과,- 달러 약세 흐름 지속과 -> 달러 약세 흐름의 지속과
60,- 한국 시장에서도 일부 영향을 미칠 수 있지만,한국 시장에도 일부 영향을 미칠 수 있지,- 한국 시장에서도 일부 영향을 미칠 수 있지만-> 한국 시장에도 일부 영향을 미칠 수 있지
61,- 띄어쓰기: 작용될것,작용될 것,- 띄어쓰기: 작용될것 -> 작용될 것
64,- 한국 시장에 미치는 직접적인 영향,한국 시장에 미치는 영향: 직접적인지는 이미지만으로 알 수 없음,- 한국 시장에 미치는 직접적인 영향 -> 한국 시장에 미치는 영향: 직접적인지는 이미지만으로 알 수 없음
71,- + 띄어쓰기: 테슬라가 장 초반에는 상승세를 보였으나 이후 하방 흐름으로 타게된 원인은 다음과 같습니다.,테슬라가 장 초반에는 상승세를 보였으나 이후 하방 흐름을 타게 된 원인은 다음과 같습니다.,- + 띄어쓰기: 테슬라가 장 초반에는 상승세를 보였으나 이후 하방 흐름으로 타게된 원인은 다음과 같습니다. -> 테슬라가 장 초반에는 상승세를 보였으나 이후 하방 흐름을 타게 된 원인은 다음과 같습니다.
81,- 1턴: 미국 증시 동향에 대해 설명해줘,"미 증시 동향 부분 활용해서 요약적으로 작성 (메타, 아마존, 디즈니 구체적인 % 작성 X. 2턴에서 활용할 것)","- 1턴: 미국 증시 동향에 대해 설명해줘 -> 미 증시 동향 부분 활용해서 요약적으로 작성 (메타, 아마존, 디즈니 구체적인 % 작성 X. 2턴에서 활용할 것)"
82,"- 2턴: 메타, 아마존, 디즈니에 어떤 악재가 있었는지 궁금해",특징 종목 부분 활용해서 구체적으로 작성,"- 2턴: 메타, 아마존, 디즈니에 어떤 악재가 있었는지 궁금해 -> 특징 종목 부분 활용해서 구체적으로 작성"
83,- 3턴: 미국 증시가 하락하고 있는데 그럼 한국 증시는 어떻게 될까?,"한국 증시 전망 부분 활용해서 내용 구체적으로 작성""","- 3턴: 미국 증시가 하락하고 있는데 그럼 한국 증시는 어떻게 될까? -> 한국 증시 전망 부분 활용해서 내용 구체적으로 작성"""
91,"- 결론 문장 변경: 이러한 지표들을 근거로 독일 경제가 점차 개선되고 있으며, 이는 유로화 강세와 달러 약세도 촉발할 가능성이 높다고 보고 있습니다.",제시된 지표들은 독일 경제가 점차 개선되고 있음을 시사합니다. 독일 경제의 회복세는 유로화 강세와 달러 약세로 이어질 수 있어 이러한 흐름을 주시할 필요가 있습니다.,"- 결론 문장 변경: 이러한 지표들을 근거로 독일 경제가 점차 개선되고 있으며, 이는 유로화 강세와 달러 약세도 촉발할 가능성이 높다고 보고 있습니다. -> 제시된 지표들은 독일 경제가 점차 개선되고 있음을 시사합니다. 독일 경제의 회복세는 유로화 강세와 달러 약세로 이어질 수 있어 이러한 흐름을 주시할 필요가 있습니다."
97,- 이는 유로화 강세와 달러 약세를 촉발할 가능성이 있습니다,이는 유로화 강세를 이끌어 달러 약세를 촉발할 가능성이 있습니다: 유로화 강세와 달러 약세 사이에 인과관계가 있기 때문에 이러한 표현이 더 적절할 것 같음,- 이는 유로화 강세와 달러 약세를 촉발할 가능성이 있습니다 -> 이는 유로화 강세를 이끌어 달러 약세를 촉발할 가능성이 있습니다: 유로화 강세와 달러 약세 사이에 인과관계가 있기 때문에 이러한 표현이 더 적절할 것 같음
98,- 제조업 지표가 개선되고,제조업 지표가 거의 모든 산업에서 개선되고: 필요 정보는 포함 필요,- 제조업 지표가 개선되고 -> 제조업 지표가 거의 모든 산업에서 개선되고: 필요 정보는 포함 필요
102,- 클라우드 컴퓨팅 사업의 성장세 둔화 가능성,실제로 둔화되고 있기 때문에 '가능성'이란 표현은 적절하지 않아 보임,- 클라우드 컴퓨팅 사업의 성장세 둔화 가능성 -> 실제로 둔화되고 있기 때문에 '가능성'이란 표현은 적절하지 않아 보임
103,- 향후 실적 심리를 지켜봐야 하는 상황으로 바라보고 있습니다.,누가 바라보는 건지 주어가 누락됨 + '실적 심리'란 표현은 부자연스러움,- 향후 실적 심리를 지켜봐야 하는 상황으로 바라보고 있습니다. -> 누가 바라보는 건지 주어가 누락됨 + '실적 심리'란 표현은 부자연스러움
107,- 문장 부자연스러움: 독일 IFO 기업환경지수가 지난달 86.4를 기록했던 수준과 예상치인 87.4를 상회한 88.6으로 상승했습니다.,독일 IFO 기업환경지수가는 지난달 발표된 86.4나 예상치인 87.4를 상회한 88.6으로 상승했습니다.,- 문장 부자연스러움: 독일 IFO 기업환경지수가 지난달 86.4를 기록했던 수준과 예상치인 87.4를 상회한 88.6으로 상승했습니다. -> 독일 IFO 기업환경지수가는 지난달 발표된 86.4나 예상치인 87.4를 상회한 88.6으로 상승했습니다.
115,"- '전하고 있습니다'와 같이 모델이 이미지 내용을 인용하는 것과 같은 표현 지양: 만약 이 조사가 확정될 경우, 메타는 글로벌 전체 매출의 10%에 해당하는 벌금을 부과 받을 것이라고 전하고 있습니다.","이 조사가 확정될 경우, 메타는 글로벌 전체 매출의 10%에 해당하는 벌금을 부과 받을 것으로 예상됩니다.","- '전하고 있습니다'와 같이 모델이 이미지 내용을 인용하는 것과 같은 표현 지양: 만약 이 조사가 확정될 경우, 메타는 글로벌 전체 매출의 10%에 해당하는 벌금을 부과 받을 것이라고 전하고 있습니다. -> 이 조사가 확정될 경우, 메타는 글로벌 전체 매출의 10%에 해당하는 벌금을 부과 받을 것으로 예상됩니다."
118,- 현재 상황에서는 주가에 부정적인 영향을 미칠 가능성이 높습니다.,반독점 규정 위반 조사 결과가 확정될 경우 주가에 부정적인 영향을 미칠 가능성이 높습니다.,- 현재 상황에서는 주가에 부정적인 영향을 미칠 가능성이 높습니다. -> 반독점 규정 위반 조사 결과가 확정될 경우 주가에 부정적인 영향을 미칠 가능성이 높습니다.
119,- 관련 종목,관련 종목군,- 관련 종목 -> 관련 종목군
136,답변-6) 지역 이름 오탈자,검수자 수정,답변-6) 지역 이름 오탈자 -> 검수자 수정
138,1. 계산 결과 확인 요청 (8916,8915),1. 계산 결과 확인 요청 (8916-> 8915)
142,* **상승 요인**: 그러나 시장에서는 이 같은 악재성 재료들이,인플레이션 우려와 성장률 하향 소식이 이미 주가에 반영되었다는 평가,* **상승 요인**: 그러나 시장에서는 이 같은 악재성 재료들이  -> 인플레이션 우려와 성장률 하향 소식이 이미 주가에 반영되었다는 평가
145,최근,"삭제 (문장이 어색하지 않으면, 최신, 현재 등의 단어는 삭제 부탁드립니다!)""","최근 -> 삭제 (문장이 어색하지 않으면, 최신, 현재 등의 단어는 삭제 부탁드립니다!)"""
162,결과를 낳았습니다.,"나을 것으로 전망됩니다.""","결과를 낳았습니다. -> 나을 것으로 전망됩니다."""
187,"올해, 현재, 최신","해당 단어들은 맥락에 문제되지 않는다면 삭제 부탁드립니다.""","올해, 현재, 최신 -> 해당 단어들은 맥락에 문제되지 않는다면 삭제 부탁드립니다."""
192,"- 목록형 답변 작성 시, 불릿포인트 기호(-, *) 다음 띄어쓰기 1번만 해야 함",반영 안 됨,"- 목록형 답변 작성 시, 불릿포인트 기호(-, *) 다음 띄어쓰기 1번만 해야 함 -> 반영 안 됨 (검수자 수정완료)"
196,답변-2) (검수자 수정완료,시트에도 수정 답변 적용해두었으니 추후 답변 작성 시 참고),답변-2) (검수자 수정완료 -> 시트에도 수정 답변 적용해두었으니 추후 답변 작성 시 참고)
197,- 오타: 프로마일,프로파일,- 오타: 프로마일 -> 프로파일
198,- 띄어쓰기: 이슈없이,이슈 없이 (툴 내 품질 체크 결과 확인 필요),- 띄어쓰기: 이슈없이 -> 이슈 없이 (툴 내 품질 체크 결과 확인 필요)
202,- 문장 부자연스러움: 직접 생산설비 구축 대신 파트너십을 통한 B2B 전략을 구사하고 있습니다.,직접 생산설비를 구축하는 대신 파트너십을 통한 B2B 전략을 구사하고 있습니다,- 문장 부자연스러움: 직접 생산설비 구축 대신 파트너십을 통한 B2B 전략을 구사하고 있습니다. -> 직접 생산설비를 구축하는 대신 파트너십을 통한 B2B 전략을 구사하고 있습니다
210,- 문장 부자연스러움: 유전자 공학으로 디자인된 효모/미생물을 우유와 유제품 제조에 생산 후,유전자 공학으로 디자인된 효모/미생물을 우유와 유제품 제조에 사용 후,- 문장 부자연스러움: 유전자 공학으로 디자인된 효모/미생물을 우유와 유제품 제조에 생산 후 -> 유전자 공학으로 디자인된 효모/미생물을 우유와 유제품 제조에 사용 후
211,- 사실성 오류: 조절할 수 있습니다,이미지에 없는 내용. 이미지에는 '제거해'라고만 되어 있음,- 사실성 오류: 조절할 수 있습니다 -> 이미지에 없는 내용. 이미지에는 '제거해'라고만 되어 있음
216,cf) 답변-2의 내용과 중복되는 부분이 있음,답변-2에서는 구체적인 브랜드명 삭제함,cf) 답변-2의 내용과 중복되는 부분이 있음 -> 답변-2에서는 구체적인 브랜드명 삭제함
217,- 목록형 답변에서 '입니다'는 빼는 게 더 자연스러울 것 같음,"단, 이렇게 될 경우, 모든 목록형 답변이 '브랜드'로 끝나서 반복 표현 사용에 걸릴 수 있음. 따라서 '브랜드'까지 삭제 필요","- 목록형 답변에서 '입니다'는 빼는 게 더 자연스러울 것 같음 -> 단, 이렇게 될 경우, 모든 목록형 답변이 '브랜드'로 끝나서 반복 표현 사용에 걸릴 수 있음. 따라서 '브랜드'까지 삭제 필요 (검수자 수정완료)"
266,- 표현 부자연스러움: 바이든 대통령의 중국 강경 발언,바이든 대통령의 중국 관련 강경 발언,- 표현 부자연스러움: 바이든 대통령의 중국 강경 발언 -> 바이든 대통령의 중국 관련 강경 발언
268,- 필수적인,필요한: 이미지에서 필수라고 언급한 적은 없음,- 필수적인 -> 필요한: 이미지에서 필수라고 언급한 적은 없음
281,- 오타: 두자,투자,- 오타: 두자 -> 투자
285,- 서론 문장 수정 필요: 다음은 이미지에 언급된 주요 경제지표 결과 요약입니다,이미지에 언급된 주요 경제지표 결과를 요약하면 다음과 같습니다,- 서론 문장 수정 필요: 다음은 이미지에 언급된 주요 경제지표 결과 요약입니다 -> 이미지에 언급된 주요 경제지표 결과를 요약하면 다음과 같습니다 (검수자 수정완료)
287,- 이미지에 있는 주요 정보 누락해서는 안 됨: 미국 소비자 신뢰지수는 108.0,미국 9월 소비자 신뢰지수는 108.0  => 그 외에도 '월' 정보 빠진 경우 채워넣어야 함,- 이미지에 있는 주요 정보 누락해서는 안 됨: 미국 소비자 신뢰지수는 108.0 -> 미국 9월 소비자 신뢰지수는 108.0  => 그 외에도 '월' 정보 빠진 경우 채워넣어야 함
296,- 오타: 0.81&(,"%), 당대화(->당대회)","- 오타: 0.81&(->%), 당대화(->당대회)"
298,- 문장 부자연스러움: 하락 출발 예상됩니다,하락 출발이 예상됩니다 => 조사 누락하지 않도록 주의,- 문장 부자연스러움: 하락 출발 예상됩니다 -> 하락 출발이 예상됩니다 => 조사 누락하지 않도록 주의
309,청당 건수 19.3,20.9로 수정이 필요합니다.,청당 건수 19.3 -> 20.9로 수정이 필요합니다.
315,유입될 수 있다는 점,(수정안) 유입될 수 있음,유입될 수 있다는 점 ->(수정안) 유입될 수 있음
323,답변-4)11월(이미지 기준)에 75bp 금리 인상 후 12월(이미지 기준),반복 표현으로 수정 부탁드립니다.,답변-4)11월(이미지 기준)에 75bp 금리 인상 후 12월(이미지 기준) -> 반복 표현으로 수정 부탁드립니다.
370,- 볼드체는 목록형 답변의 주요항목에만 표시함. 주요항목이 어떤 부분인지는 '자주 들어오는 질문' 참고,**2022년 대체 단백질 시장 침투율** 는 계산식의 일부이므로 볼드체 필요 없음,- 볼드체는 목록형 답변의 주요항목에만 표시함. 주요항목이 어떤 부분인지는 '자주 들어오는 질문' 참고 -> **2022년 대체 단백질 시장 침투율** 는 계산식의 일부이므로 볼드체 필요 없음
388,"- 목록형 답변의 경우, 문단 구분  X",피드백 반영 안 됨. 시트에서의 수정방향 확인 필요,"- 목록형 답변의 경우, 문단 구분  X  ->  피드백 반영 안 됨. 시트에서의 수정방향 확인 필요"
389,- 답변-6과 중복될 여지가 있어서 '산업 구조 및 투자 매력도'에서 하위 불릿으로 쓴 4가지는 삭제해도 괜찮을 것 같음,4가지가 구체적으로 무엇인지 답변에 포함할 필요가 없다는 의미였습니다!,- 답변-6과 중복될 여지가 있어서 '산업 구조 및 투자 매력도'에서 하위 불릿으로 쓴 4가지는 삭제해도 괜찮을 것 같음 -> 4가지가 구체적으로 무엇인지 답변에 포함할 필요가 없다는 의미였습니다!
394,"- 목록형 답변의 경우, 문단 구분  X",피드백 반영 안 됨. 시트에서의 수정방향 확인 필요.,"- 목록형 답변의 경우, 문단 구분  X ->  피드백 반영 안 됨. 시트에서의 수정방향 확인 필요."
410,- 이미지에 있는 그대로 표현 사용 필요: 전년 동월 대비 9.1% 상승,전년 대비 9.1% 상승 (전년 동월과 전년은 의미가 다르므로 분명하게 작성 필요) + '전년' 역시시의성 표현이기 때문에 '전년(보고서 기준)'과 같이 작성 필요,- 이미지에 있는 그대로 표현 사용 필요: 전년 동월 대비 9.1% 상승 -> 전년 대비 9.1% 상승 (전년 동월과 전년은 의미가 다르므로 분명하게 작성 필요) + '전년' 역시시의성 표현이기 때문에 '전년(보고서 기준)'과 같이 작성 필요
412,"- 본론에서 목록형 답변 작성 시, 서론과 목록형 답변 사이에 한 줄 공백 추가 필요",피드백 반영 안 됨. 시트에 수정해두었으니 수정 방향 확인해주세요.,"- 본론에서 목록형 답변 작성 시, 서론과 목록형 답변 사이에 한 줄 공백 추가 필요 -> 피드백 반영 안 됨. 시트에 수정해두었으니 수정 방향 확인해주세요."
414,- '미국' 누락됨,주요 정보 누락하지 않도록 주의 필요.,- '미국' 누락됨 -> 주요 정보 누락하지 않도록 주의 필요.
416,"- 시의적 표현 사용 관련 내용 가이드에서 확인 필요: 전일, 전월",시의성 표현을 삭제하면서 정보가 누락될 수 있습니다. 삭제하는 방향보다는 가이드에 따라 '전일(보고서 기준)'과 같이 수정하는 방향으로 작성해주세요.,"- 시의적 표현 사용 관련 내용 가이드에서 확인 필요: 전일, 전월 -> 시의성 표현을 삭제하면서 정보가 누락될 수 있습니다. 삭제하는 방향보다는 가이드에 따라 '전일(보고서 기준)'과 같이 수정하는 방향으로 작성해주세요."
422,"- 문장 부자연스러움: 8월 수출 증가세가 5.5%로 둔화될 것으로 예상되지만, 재고 축적 조정 등을 고려하면 긍정적으로 평가될 수 있는 반면, 무역수지 적자 확대는 원화 약세 요인으로 지적됩니다.",문장이 너무 길어서 수정 필요,"- 문장 부자연스러움: 8월 수출 증가세가 5.5%로 둔화될 것으로 예상되지만, 재고 축적 조정 등을 고려하면 긍정적으로 평가될 수 있는 반면, 무역수지 적자 확대는 원화 약세 요인으로 지적됩니다. -> 문장이 너무 길어서 수정 필요"
423,- 사실성 오류: 민간 고용자 수는 13.2만 건으로 집계되어,비농업 고용자 수는 13.2만 건으로 집계되어,- 사실성 오류: 민간 고용자 수는 13.2만 건으로 집계되어 -> 비농업 고용자 수는 13.2만 건으로 집계되어
424,- 정보 누락: 예상치(+9.0%)와 전월치(+8.9%),yoy 누락됨. 정보 누락으로 사실성이 달라질 수 있는 부분 확인 필요,- 정보 누락: 예상치(+9.0%)와 전월치(+8.9%) -> yoy 누락됨. 정보 누락으로 사실성이 달라질 수 있는 부분 확인 필요
426,- 스테이트,스테이츠,- 스테이트 -> 스테이츠
427,- 소비자물가지수,소비자 물가지수,- 소비자물가지수 -> 소비자 물가지수
431,- 무리한 추론으로 해석될 여지가 있음. '8월 수출입 통계를 고려했을 때 한국 증시가 어떻게 될 것 같은지 추론해달라'고 질문하고 4번째 문단 활용해서 답변 구성하는 것도 좋을 듯함,툴에서부터 되돌리기하여 작성 필요,- 무리한 추론으로 해석될 여지가 있음. '8월 수출입 통계를 고려했을 때 한국 증시가 어떻게 될 것 같은지 추론해달라'고 질문하고 4번째 문단 활용해서 답변 구성하는 것도 좋을 듯함 -> 툴에서부터 되돌리기하여 작성 필요
453,"- 문장 부자연스러움: 이들은 독보적인 기술력, 데이터 활용 능력, 강력한 시장 지배력을 바탕으로 질의I 시대의 핵심 플레이어로서 지속적인 성장이 예상됩니다.","이들은 독보적인 기술력과 데이터 활용 능력, 강력한 시장 지배력을 바탕으로 질의I 시대의 핵심 플레이어로서 자리매김하며, 지속적으로 성장할 것으로 예상됩니다.","- 문장 부자연스러움: 이들은 독보적인 기술력, 데이터 활용 능력, 강력한 시장 지배력을 바탕으로 질의I 시대의 핵심 플레이어로서 지속적인 성장이 예상됩니다. -> 이들은 독보적인 기술력과 데이터 활용 능력, 강력한 시장 지배력을 바탕으로 질의I 시대의 핵심 플레이어로서 자리매김하며, 지속적으로 성장할 것으로 예상됩니다. (검수자 수정완료)"
471,"- 문장 부자연스러움: 핵심 CPI를 지지하던 주거 비용이 하락 조짐을 보여, 핵심 CPI가 하락세로 접어들 때까지 인내가 필요한 구간으로 평가됩니다.","핵심 CPI를 지지하던 주거 비용이 하락 조짐을 보여, 핵심 CPI가 하락세로 접어들 때까지 인내가 필요한 것으로 평가됩니다.","- 문장 부자연스러움: 핵심 CPI를 지지하던 주거 비용이 하락 조짐을 보여, 핵심 CPI가 하락세로 접어들 때까지 인내가 필요한 구간으로 평가됩니다. -> 핵심 CPI를 지지하던 주거 비용이 하락 조짐을 보여, 핵심 CPI가 하락세로 접어들 때까지 인내가 필요한 것으로 평가됩니다."
472,- 구조적인 수요가 긍정적인 상황입니다.,무엇의 구조적인 수요가 긍정적인지가 누락됨,- 구조적인 수요가 긍정적인 상황입니다. -> 무엇의 구조적인 수요가 긍정적인지가 누락됨
475,"- 문장 부자연스러움: 자료의 내용을 바탕으로 러시아의 가스 공급 중단 사태가 장기화될 경우, 미국 에너지 업종은 강력한 이익 모멘텀을 지속할 것으로 예측됩니다.","자료의 내용을 바탕으로 살펴보면, 러시아의 가스 공급 중단 사태가 장기화될 경우, 미국 에너지 업종은 강력한 이익 모멘텀을 지속할 것으로 예측됩니다.","- 문장 부자연스러움: 자료의 내용을 바탕으로 러시아의 가스 공급 중단 사태가 장기화될 경우, 미국 에너지 업종은 강력한 이익 모멘텀을 지속할 것으로 예측됩니다. -> 자료의 내용을 바탕으로 살펴보면, 러시아의 가스 공급 중단 사태가 장기화될 경우, 미국 에너지 업종은 강력한 이익 모멘텀을 지속할 것으로 예측됩니다."
476,- 소제목은 불필요해보임.,'자료에 따르면 ~ 예상할 수 있습니다'와 목록형 답변 사이에 한 줄 공백 삽입 필요,- 소제목은 불필요해보임. -> '자료에 따르면 ~ 예상할 수 있습니다'와 목록형 답변 사이에 한 줄 공백 삽입 필요
480,- 띄어쓰기 오류: 억달러,억 달러,- 띄어쓰기 오류: 억달러 -> 억 달러
483,- 답변-6과 답변-8 모두 전체 설명문과 중복되는 부분이 없지 않아 있음,중복되는 부분이 많을 경우 무리해서 4턴 작성 X. 3턴으로 마무리 => 답변-6은 삭제하고 답변-8만 수정해서 살리는 방향이 적절해보임,- 답변-6과 답변-8 모두 전체 설명문과 중복되는 부분이 없지 않아 있음 -> 중복되는 부분이 많을 경우 무리해서 4턴 작성 X. 3턴으로 마무리 => 답변-6은 삭제하고 답변-8만 수정해서 살리는 방향이 적절해보임
489,결국 미국 소비를 둔화시켜,미국 소비를 둔화시,결국 미국 소비를 둔화시켜 -> 미국 소비를 둔화시
492,미 증시의 급등,"근원 소비자물가지수 상승 여파 소화 후 미 증시의 저점 대비 급등, ""","미 증시의 급등-> 근원 소비자물가지수 상승 여파 소화 후 미 증시의 저점 대비 급등, """
512,"- 전체 설명문으로 볼 수 없는 분량입니다. 이와 같이 작성하시려면, 요약문 질의로 보는 것이 적절해보입니다.",질문 자체를 요약문 질의로 변경 필요 + 시트에 '전체 설명'열 '미포함'으로 변경 (전체 설명문이 반드시 한 세션에 포함될 필요 X. 설명문 또는 요약문 중 하나만 포함되면 됨),"- 전체 설명문으로 볼 수 없는 분량입니다. 이와 같이 작성하시려면, 요약문 질의로 보는 것이 적절해보입니다. -> 질문 자체를 요약문 질의로 변경 필요 + 시트에 '전체 설명'열 '미포함'으로 변경 (전체 설명문이 반드시 한 세션에 포함될 필요 X. 설명문 또는 요약문 중 하나만 포함되면 됨)"
514,- 중국 인민은행,중국인민은행,- 중국 인민은행 -> 중국인민은행
515,-  MLF 금리,"1년 만기 MLF 금리 (MLF는 중기유동성지원창구를 의미하므로, '1년 만기'라는 정보까지 포함해서 작성 필요)","-  MLF 금리 -> 1년 만기 MLF 금리 (MLF는 중기유동성지원창구를 의미하므로, '1년 만기'라는 정보까지 포함해서 작성 필요)"
516,- 신규 주문,신규주문,- 신규 주문 -> 신규주문
517,- 출하 지수,출하지수,- 출하 지수 -> 출하지수
528,- 이미지에 근거하지 않은 내용이 포함된 무리한 해석일 수 있음,3-4번째 문단에서 질의 생성해서 답변 수정하는 것이 좋을 듯함. 툴에서 되돌리기 필요,- 이미지에 근거하지 않은 내용이 포함된 무리한 해석일 수 있음 -> 3-4번째 문단에서 질의 생성해서 답변 수정하는 것이 좋을 듯함. 툴에서 되돌리기 필요
531,- 질문이 너무 구체적. 마지막 문장만 일부 수정해서 남기는 게 좋을 듯함,질의도 수정 필요. 툴에서 되돌리기 필요,- 질문이 너무 구체적. 마지막 문장만 일부 수정해서 남기는 게 좋을 듯함 -> 질의도 수정 필요. 툴에서 되돌리기 필요
558,- 과도한 우려는 피해야 한다고 강조합니다,이미지에서 '강조'하지는 않음,- 과도한 우려는 피해야 한다고 강조합니다 -> 이미지에서 '강조'하지는 않음
560,"- 원자력 에너지 역시 이탈리아, 일본 등의 정책적 지원으로 인해 지속적인 관심이 필요합니다",'지속적인 관심'에 대한 언급은 이미지에 없음. '정책적 지원을 받고 있다'로만 마무리 필요,"- 원자력 에너지 역시 이탈리아, 일본 등의 정책적 지원으로 인해 지속적인 관심이 필요합니다 -> '지속적인 관심'에 대한 언급은 이미지에 없음. '정책적 지원을 받고 있다'로만 마무리 필요"
561,- 외식 가격 상승에 따라 저가형 외식 브랜드에 대한 관심이 필요합니다.,"이미지에 따르면, 외식 가격에 비해 가정식 가격이 빠르게 상승하는 것임","- 외식 가격 상승에 따라 저가형 외식 브랜드에 대한 관심이 필요합니다. -> 이미지에 따르면, 외식 가격에 비해 가정식 가격이 빠르게 상승하는 것임"
563,"- 원자재 가격의 안정화와 주거 비용의 하락 가능성을 언급하며, 금리 인하 가능성이 줄어든 만큼 기업 이익에 대한 관심이 더욱 중요해질 것으로 예상합니다.","원자재 가격의 상승 가능성은 낮으며, 주거 비용도 하락할 기미를 보이고 있습니다. (+ 기억 이입에 대한 관심이 더욱 중요하다는 내용 이미지에 없음)","- 원자재 가격의 안정화와 주거 비용의 하락 가능성을 언급하며, 금리 인하 가능성이 줄어든 만큼 기업 이익에 대한 관심이 더욱 중요해질 것으로 예상합니다. -> 원자재 가격의 상승 가능성은 낮으며, 주거 비용도 하락할 기미를 보이고 있습니다. (+ 기억 이입에 대한 관심이 더욱 중요하다는 내용 이미지에 없음)"
564,- 반등 기회가 있을 것으로 전망합니다,'전망됩니다'와 같이 피동 표현으로 작성 필,- 반등 기회가 있을 것으로 전망합니다 -> '전망됩니다'와 같이 피동 표현으로 작성 필
568,- 문장 부자연스러움: 다음과 같은 전망을 추론할 수 있습니다.,다음과 같이 전망할 수 있습니다.,- 문장 부자연스러움: 다음과 같은 전망을 추론할 수 있습니다. -> 다음과 같이 전망할 수 있습니다.
570,"- 리포트 작성 시점(2022년 9월)에는 고금리 상황이 테크주의 주가를 누르고 있지만, 인플레이션 완화가 명확해지면 금리 인상 속도 조절이나 인하 기대감이 커질 수 있습니다.",이미지에 없음,"- 리포트 작성 시점(2022년 9월)에는 고금리 상황이 테크주의 주가를 누르고 있지만, 인플레이션 완화가 명확해지면 금리 인상 속도 조절이나 인하 기대감이 커질 수 있습니다. -> 이미지에 없음"
576,"- 답변 답변-6을 봤을 때, '분류'로 보기 어려움. 긍정적인 분야와 부정적인 분야와 같이 묶어서 정리할 수 있는 게 아니라면 분류 X",질문부터 수정 필요 => 수정 방향: str질의tegy에 언급된 항목들은 왜 긍정적으로 보는 건지 알려줘,"- 답변 답변-6을 봤을 때, '분류'로 보기 어려움. 긍정적인 분야와 부정적인 분야와 같이 묶어서 정리할 수 있는 게 아니라면 분류 X -> 질문부터 수정 필요 => 수정 방향: str질의tegy에 언급된 항목들은 왜 긍정적으로 보는 건지 알려줘"
579,- 하위 레벨 불릿에서의 키워드(ex. 억눌린 수요 회복) 불필요해보임,모두 삭제 필요,- 하위 레벨 불릿에서의 키워드(ex. 억눌린 수요 회복) 불필요해보임 -> 모두 삭제 필요
581,- 리포트는 여러 업종 및 테마에 대해 긍정적으로 판단하는 근거를 다음과 같이 정리할 수 있습니다.,str질의tegy에 언급된 항목들을 긍정적으로 판단하는 근거는 다음과 같습니다.,- 리포트는 여러 업종 및 테마에 대해 긍정적으로 판단하는 근거를 다음과 같이 정리할 수 있습니다. -> str질의tegy에 언급된 항목들을 긍정적으로 판단하는 근거는 다음과 같습니다.
582,- 캘리포니아의 2035년부터 내연기관차 신규 판매 금지 규정은 전기차 부문의 추가 동력을 제공합니다.,2035년부터 내연기관차의 신규 판매를 금지하는 캘리포니아의 규정은 전기차 부문에 추가 동력을 제공했습니다.,- 캘리포니아의 2035년부터 내연기관차 신규 판매 금지 규정은 전기차 부문의 추가 동력을 제공합니다. -> 2035년부터 내연기관차의 신규 판매를 금지하는 캘리포니아의 규정은 전기차 부문에 추가 동력을 제공했습니다.
583,"- 이탈리아 총선에서 우파 정당의 승리 가능성, 일본의 U-턴 정책 발표 등 지속적인 정책적 지원을 받고 있습니다.",주어 누락됨,"- 이탈리아 총선에서 우파 정당의 승리 가능성, 일본의 U-턴 정책 발표 등 지속적인 정책적 지원을 받고 있습니다. -> 주어 누락됨"
586,- 소비가 필수품 중심으로 쏠려있는 현상이 나타나 긍정적인 관점이 유지됩니다.,'필수품'이란 언급은 이미지에 없음,- 소비가 필수품 중심으로 쏠려있는 현상이 나타나 긍정적인 관점이 유지됩니다. -> '필수품'이란 언급은 이미지에 없음
597,- 크게 하락했습니다,3% 가까이 하락했습니다: '크게'란 표현은 주의 필요,- 크게 하락했습니다 -> 3% 가까이 하락했습니다: '크게'란 표현은 주의 필요 (검수자 수정완료)
600,- 띄어쓰기 오류: 10 원,"10원, 20 년 -> 20년, 0.89 배 -> 0.89배, 2,230 포인트 -> 2,230포인트","- 띄어쓰기 오류: 10 원 -> 10원, 20 년 -> 20년, 0.89 배 -> 0.89배, 2,230 포인트 -> 2,230포인트"
602,- Eurex KOSPI200 선물이 1.90% 하락함에 따라 KOSPI는 약 1.3% 내외로 하락 출발할 것으로 보입니다,이미지상으로는 Eurex KOSPI200 선물과 KOSPI의 인과관계를 확인할 수 없음,- Eurex KOSPI200 선물이 1.90% 하락함에 따라 KOSPI는 약 1.3% 내외로 하락 출발할 것으로 보입니다 -> 이미지상으로는 Eurex KOSPI200 선물과 KOSPI의 인과관계를 확인할 수 없음
604,- 추가적인 하락 시,큰 폭의 하락 시,- 추가적인 하락 시 -> 큰 폭의 하락 시
605,- 이미지에 있는 표현 그대로 사용 필요: 원화 환율,달러/원 환율,- 이미지에 있는 표현 그대로 사용 필요: 원화 환율 -> 달러/원 환율
611,"- 이는 주가가 과도하게 하락할 경우, 밸류에이션 매력을 바탕으로 한 저가 매수세(반발 매수)가 유입되어 지수의 하방을 지지하고 시장의 안정을 도모할 수 있음을 추론하게 합니다.","따라서 주가가 과도하게 하락할 경우, 밸류에이션 매력을 바탕으로 한 저가 매수세(반발 매수)가 유입되어 지수의 하방을 지지하고 시장의 안정을 도모할 수 있을 것으로 전망됩니다.","- 이는 주가가 과도하게 하락할 경우, 밸류에이션 매력을 바탕으로 한 저가 매수세(반발 매수)가 유입되어 지수의 하방을 지지하고 시장의 안정을 도모할 수 있음을 추론하게 합니다. -> 따라서 주가가 과도하게 하락할 경우, 밸류에이션 매력을 바탕으로 한 저가 매수세(반발 매수)가 유입되어 지수의 하방을 지지하고 시장의 안정을 도모할 수 있을 것으로 전망됩니다."
637,- 사실성 오류: 장 막판에는 대형 기술주에 대한 반발 매수가 유입되며,'반발 매수가 유입되었다'는 내용 이미지에 없음,- 사실성 오류: 장 막판에는 대형 기술주에 대한 반발 매수가 유입되며 -> '반발 매수가 유입되었다'는 내용 이미지에 없음
638,- 표는 작업 대상이 아님. 가이드 내 '데이터 명시' 재숙지 필요,유럽 및 아시아 증시 내용 모두 삭제. 결론도 수정 필요,- 표는 작업 대상이 아님. 가이드 내 '데이터 명시' 재숙지 필요 -> 유럽 및 아시아 증시 내용 모두 삭제. 결론도 수정 필요
641,- 달러화가,달러화의 강세가,- 달러화가 -> 달러화의 강세가
654,- 이미지에 없는 정보 사용 불가: 비트코인 등 암호화폐 시장,비트코인에 대한 내용은 이미지에 없음,- 이미지에 없는 정보 사용 불가: 비트코인 등 암호화폐 시장 -> 비트코인에 대한 내용은 이미지에 없음
656,- 소제목 불필요,삭제,- 소제목 불필요 -> 삭제
659,- 참고) 질문에 구체적인 정보 작성할 필요 없음. (다음 작업부터 반영 필요),(수정 예시) 미 증시 동향에 언급된 주요 지수 5개의 상승률의 평균을 계산해줘.,- 참고) 질문에 구체적인 정보 작성할 필요 없음. (다음 작업부터 반영 필요) -> (수정 예시) 미 증시 동향에 언급된 주요 지수 5개의 상승률의 평균을 계산해줘.
661,"- 명시하신 5개 지수가 '주요 지수'라는 내용은 이미지에서 확인할 수 없습니다. '필라델피아 반도체 지수'만으로 반도체 등이 강세를 보였다고 결론 짓기 어려우며, 해당 지수는 '미 증시 동향'에서 언급되지 않았습니다.",툴에서부터 되돌리기하여 지질답 수정하거나 삭제 필요,"- 명시하신 5개 지수가 '주요 지수'라는 내용은 이미지에서 확인할 수 없습니다. '필라델피아 반도체 지수'만으로 반도체 등이 강세를 보였다고 결론 짓기 어려우며, 해당 지수는 '미 증시 동향'에서 언급되지 않았습니다. -> 툴에서부터 되돌리기하여 지질답 수정하거나 삭제 필요"
679,- JP 모건,JP모건,- JP 모건 -> JP모건
701,"- 고용시장은 여전히 견고하지만 일부 지역에서는 타이트함이 완화되었고,",본문 내용과 상이한 느낌입니다. 본문 내용을 재구성하되 비슷한 흐름으로 답변을 작성해주세요.,"- 고용시장은 여전히 견고하지만 일부 지역에서는 타이트함이 완화되었고, -> 본문 내용과 상이한 느낌입니다. 본문 내용을 재구성하되 비슷한 흐름으로 답변을 작성해주세요."
716,"- N답변F 달러/원 환율(1,434.50원)은 7원 상승 마감했습니다.",상승 출발입니다.,"- N답변F 달러/원 환율(1,434.50원)은 7원 상승 마감했습니다. -> 상승 출발입니다."
741,도어대시(답변oor답변질의sh): -6%,이미지에 제공되지 않은 정보(영어 사명)는 사용하지 않습니다.,도어대시(답변oor답변질의sh): -6% -> 이미지에 제공되지 않은 정보(영어 사명)는 사용하지 않습니다.
747,- 야간 지표,언급되지 않은 단어입니다. 관련 지표? 등이 적절하게 보입니다.,- 야간 지표 -> 언급되지 않은 단어입니다. 관련 지표? 등이 적절하게 보입니다.
772,- 블라드 총재,불러드 총재 : 오타 수정,- 블라드 총재 -> 불러드 총재 : 오타 수정(검수자수정 완료)
779,- 기준금리를 4%를,기준금리가 4%를,- 기준금리를 4%를 -> 기준금리가 4%를 (검수자수정 완료)
780,- 블라드 총재,불러드 총재 : 오타 수정,- 블라드 총재 -> 불러드 총재 : 오타 수정(검수자수정 완료)
787,- 오타 수정: 알코,"알코아, 블라드 -> 불러드, 완화적 통화정책 기대에 -> 완화적 통화정책에 기대어","- 오타 수정: 알코 -> 알코아, 블라드 -> 불러드, 완화적 통화정책 기대에 -> 완화적 통화정책에 기대어 (검수자 수정 완료)"
800,- 필라델피아 반도체 지수(SOX),필라델피아 반도체 지수,- 필라델피아 반도체 지수(SOX) -> 필라델피아 반도체 지수
805,- 금리 상승을 감안한,"금리 상승을 감안해,","- 금리 상승을 감안한 -> 금리 상승을 감안해,"
806,- 증시 권역의 낙폭,중화권 증시 권역의 낙폭,- 증시 권역의 낙폭 -> 중화권 증시 권역의 낙폭
819,- 중국발 긍정적 요인으로 인한 반발 매수도 기대되는 상황입니다,해당 문장은 이미지 내용과 상이합니다. 중국발 긍정적 요인과 반발 매수는 다른 요인입니다.,- 중국발 긍정적 요인으로 인한 반발 매수도 기대되는 상황입니다 -> 해당 문장은 이미지 내용과 상이합니다. 중국발 긍정적 요인과 반발 매수는 다른 요인입니다.
835,**1. 한국 주식시장 전망**,**한국 주식시장 전망**,**1. 한국 주식시장 전망** -> **한국 주식시장 전망**
865,- 만기일은 통상적으로 프로그램 매매와 연관되어 시장에 큰 영향을 미칠 수 있습니다.,이미지에 없는 내용으로 보입니다.,- 만기일은 통상적으로 프로그램 매매와 연관되어 시장에 큰 영향을 미칠 수 있습니다. -> 이미지에 없는 내용으로 보입니다.
868,"답변-2, 답변-4","이미지와 다른 단어, 없는 내용 일부 수정","답변-2, 답변-4 -> 이미지와 다른 단어, 없는 내용 일부 수정(검수자수정완료)"
876,- 이 자료는 2Q22 실적 발표 이후 미국 인터넷 대형 플랫폼 기업의 주가와 실적 전망을 분석한 내용입니다.,이 자료는 2Q22 실적 발표 이후 미국 인터넷 대형 플랫폼 기업의 주가와 실적 전망을 분석한 보고서입니다.,- 이 자료는 2Q22 실적 발표 이후 미국 인터넷 대형 플랫폼 기업의 주가와 실적 전망을 분석한 내용입니다. -> 이 자료는 2Q22 실적 발표 이후 미국 인터넷 대형 플랫폼 기업의 주가와 실적 전망을 분석한 보고서입니다.
877,"- 인건비 및 기타비용은 3Q22 인건비 안정화가 예상되며, 유류비 등 기타 비용도 안정화 추세입니다.","3Q22에 인건비 안정화가 예상되며, 유류비 등 기타 비용도 안정화 추세입니다.","- 인건비 및 기타비용은 3Q22 인건비 안정화가 예상되며, 유류비 등 기타 비용도 안정화 추세입니다. -> 3Q22에 인건비 안정화가 예상되며, 유류비 등 기타 비용도 안정화 추세입니다."
878,"- 띄어쓰기 오류: 1,298억달러","1,298억 달러","- 띄어쓰기 오류: 1,298억달러 -> 1,298억 달러"
881,- '2023년 전망에 주목' 부분만 이미지 내 '3번째 문단(이를 감안시~ 23년 OP 성장 예상 부분)'에 있는 내용이라서 적절하지 않은 것 같음,삭제 필요,- '2023년 전망에 주목' 부분만 이미지 내 '3번째 문단(이를 감안시~ 23년 OP 성장 예상 부분)'에 있는 내용이라서 적절하지 않은 것 같음 -> 삭제 필요
903,- 에너지 가격(전년 대비 +139.0%) 급등,에너지 가격 급등(전년 대비 +139.0%),- 에너지 가격(전년 대비 +139.0%) 급등 -> 에너지 가격 급등(전년 대비 +139.0%) (검수자 수정완료)
910,- 유의미한 질문으로 보이지 않음,"질문부터 수정 필요""","- 유의미한 질문으로 보이지 않음 -> 질문부터 수정 필요"""
923,"- KOSPI가 2008년 금융위기 당시 평균 PBR 0.89배 수준이었던 2,230p를 하회하는 등 과도한 하락세를 보였습니다.","KOSPI는 2008년 금융위기 당시 평균 PBR 0.89배 수준이었던 2,230p를 하회하는 등 과도한 하락세를 보였습니다.","- KOSPI가 2008년 금융위기 당시 평균 PBR 0.89배 수준이었던 2,230p를 하회하는 등 과도한 하락세를 보였습니다. -> KOSPI는 2008년 금융위기 당시 평균 PBR 0.89배 수준이었던 2,230p를 하회하는 등 과도한 하락세를 보였습니다. (검수자 수정완료)"
968,- 오타 수정: **중국 증시,**삭제,- 오타 수정: **중국 증시 -> **삭제 (검수자 수정 완료)
988,- 마크다운 불릿 규칙이 어색합니다.,"규칙 1에 해당하는 문단 수정해두었으니, 확인하시어 규칙 2 문단도 위와 같이 수정해주세요! ->>확인했습니다.""","- 마크다운 불릿 규칙이 어색합니다. -> 규칙 1에 해당하는 문단 수정해두었으니, 확인하시어 규칙 2 문단도 위와 같이 수정해주세요! ->>확인했습니다."""
992,- 주요 해외 지수 상승,'해외 지수'라고 보기 조금 애매한 감이 있습니다.,- 주요 해외 지수 상승 -> '해외 지수'라고 보기 조금 애매한 감이 있습니다.
1030,- '수출의존도가 높은',이 부분은 근거로 사용되는 내용입니다.,- '수출의존도가 높은' -> 이 부분은 근거로 사용되는 내용입니다.
1038,- 코인베이스(-9.82%):,-9.54% 입니다. 수치 작성시 오기입에 신경써서 답변 적어주세요!,- 코인베이스(-9.82%): -> -9.54% 입니다. 수치 작성시 오기입에 신경써서 답변 적어주세요!
1039,"- 아마존, 이베이, 엣시",어펌 홀딩스와 동반 하락인 것으로 보입니다.,"- 아마존, 이베이, 엣시 -> 어펌 홀딩스와 동반 하락인 것으로 보입니다."
1067,- 어색한 표현 수정: 0.47% 약세.,"-0.47%로 약세를 보였습니다.""","- 어색한 표현 수정: 0.47% 약세. -> -0.47%로 약세를 보였습니다."""
1069,- (이미지 기준)최근,시의성 표현이 어색합니다.,- (이미지 기준)최근 -> 시의성 표현이 어색합니다.
1074,ex. 총 지출 전망 (추수감사절-사이버 먼데이),총 지출 전망(추수감사절-사이버 먼데이),ex. 총 지출 전망 (추수감사절-사이버 먼데이) -> 총 지출 전망(추수감사절-사이버 먼데이)
1087,- 제사 피크 에너지,체사 피크 에너지,- 제사 피크 에너지 ->  체사 피크 에너지
1088,- 아이온(-3.03%),아마존,- 아이온(-3.03%)-> 아마존
1101,- 오타수정: 채사피크 에너지,"체사피크 에너지 (검수자 수정 완료)""","- 오타수정: 채사피크 에너지 -> 체사피크 에너지 (검수자 수정 완료)"""
1109,- 계산식:,- **계산식**: (볼드적용필요),- 계산식: -> - **계산식**: (볼드적용필요)
1114,- 밴스타인,번스타인,- 밴스타인 -> 번스타인
1115,- 1분기 실적에 대해,1분기가 아닌 것으로 보입니다.,- 1분기 실적에 대해 -> 1분기가 아닌 것으로 보입니다.
1119,- 경기 둔화 우려:,'경기 침체 이슈'가 더 적합한 표현으로 보입니다.,- 경기 둔화 우려: -> '경기 침체 이슈'가 더 적합한 표현으로 보입니다.
1178,"- 1,000여 명",다수가,"- 1,000여 명 -> 다수가"
1191,- 근거가 될 수 있을 것으로 보입니다.,근거가 될 수 있습니다.,- 근거가 될 수 있을 것으로 보입니다. -> 근거가 될 수 있습니다.
1192,이는 연준이 금리 인상 속도를 조절할 수 있는 근거가 될 가능성이 있습니다.,이를 근거로 연준이 금리 인상 속도를 조절할 가능성이 있습니다.,이는 연준이 금리 인상 속도를 조절할 수 있는 근거가 될 가능성이 있습니다. -> 이를 근거로 연준이 금리 인상 속도를 조절할 가능성이 있습니다.
1203,본문은,"주로 서론에 한번 정도 언급하며, 본문 및 결말에는 필요시 사용해주세요.","본문은 -> 주로 서론에 한번 정도 언급하며, 본문 및 결말에는 필요시 사용해주세요."
1207,내용 확인 요청,내용 확인 요청 -> 이는 연준이 금리 인상 기조를 유지할 수 있는 근거가 될 수 있을 것으로 보입니다.,내용 확인 요청 -> 내용 확인 요청 -> 이는 연준이 금리 인상 기조를 유지할 수 있는 근거가 될 수 있을 것으로 보입니다.
1209,내용 확인 요청,연준의 금리 인상 속도 조절 언급은 미 증시에 금리 상승 둔화에 대한 기대를 불러일으켰습니다.,내용 확인 요청 -> 연준의 금리 인상 속도 조절 언급은 미 증시에 금리 상승 둔화에 대한 기대를 불러일으켰습니다.
1217,제조업: 2만 건 감소,"**제조업**: 2만 건 감소""","제조업: 2만 건 감소 -> **제조업**: 2만 건 감소"""
1220,노란색,답변에 ~ 사용 불가합니다. ~을 -로 수정해주세요!,노란색 -> 답변에 ~ 사용 불가합니다. ~을 -로 수정해주세요!
1224,공격적,삭제,공격적 -> 삭제
1241,[X] 예측해줘 (본문 결론에 연준 위원 발언을 종합하면~~),"예측 근거인, 연준 위원에 속하는 연은 총재들의 발언을 따로 요청하는 것은 흐름이 부자연 스러움","[X] 예측해줘 (본문 결론에 연준 위원 발언을 종합하면~~) -> 예측 근거인, 연준 위원에 속하는 연은 총재들의 발언을 따로 요청하는 것은 흐름이 부자연 스러움"
1242,[O] 연준에서 나온 의견 요약/설명,위 내용을 바탕으로 봤을 때 전망이 어떻데?,[O] 연준에서 나온 의견 요약/설명 -> 위 내용을 바탕으로 봤을 때 전망이 어떻데?
1249,띄어쓰기가 콜론 앞에 오지 않도록 수정해주세요.,* **한국 주식시장 전망**:,띄어쓰기가 콜론 앞에 오지 않도록 수정해주세요. ->* **한국 주식시장 전망**:
1267,(예) 요약해보면,요약해 보면,(예) 요약해보면 -> 요약해 보면
1269,답변-4) 띄어쓰기 4개,리라이팅 부분에 의견 남겨놓았으니 툴을 확인해주세요!,답변-4) 띄어쓰기 4개 -> 리라이팅 부분에 의견 남겨놓았으니 툴을 확인해주세요!
1290,답변-2 주요 기업 주가 하락,답변-8주가 하락 원인,답변-2 주요 기업 주가 하락 -> 답변-8주가 하락 원인
1339,- 미국 증시 동향에 대해 설명드립니다.,이와 같은 가이드 질의는 지양합니다.,- 미국 증시 동향에 대해 설명드립니다. -> 이와 같은 가이드 질의는 지양합니다.
1362,- 띄어쓰기: 조정 되었습니다,조정되었습니다,- 띄어쓰기: 조정 되었습니다 -> 조정되었습니다
1393,- 크게 두가지 내용~,작성하신 내용을 보면 크게 두가지 내용이 구조적으로 판단되지 않습니다. 따라서 해당 내용을 삭제하였습니다.,- 크게 두가지 내용~ -> 작성하신 내용을 보면 크게 두가지 내용이 구조적으로 판단되지 않습니다. 따라서 해당 내용을 삭제하였습니다.
1395,- 없음 등 명사형 종결,없습니다. 등 완전한 문장으로 수정 (통일성),- 없음 등 명사형 종결 -> 없습니다. 등 완전한 문장으로 수정 (통일성)
1404,- 모수로 하여 추정하였습니다.,모수추정치입니다. (이미지에 제시된대로 수정),- 모수로 하여 추정하였습니다. -> 모수추정치입니다. (이미지에 제시된대로 수정)
1405,- 문의는,보고서 내용에 대한 문의는,- 문의는 -> 보고서 내용에 대한 문의는
1406,- 국가 통계 포털,국가통계포털,- 국가 통계 포털 -> 국가통계포털
1407,- 신뢰성과 정확성을 보장하기 위해,주관적 해석으로 삭제,- 신뢰성과 정확성을 보장하기 위해-> 주관적 해석으로 삭제
1432,"- 필라델피아 반도체 지수 급락, 마이크론 견고한 실적 발표에도 불구하고 가이던스 하향 조정 여파로 4% 하락",투자심리 위축 한국 증시 영향,"- 필라델피아 반도체 지수 급락, 마이크론 견고한 실적 발표에도 불구하고 가이던스 하향 조정 여파로 4% 하락 -> 투자심리 위축 한국 증시 영향"
1433,- 매파적인 각국 중앙은행들의 행보에 따른 과도한 밸류에이션 부담 높은 종목구엔 대한 부담 지속,한국 증시 영향,- 매파적인 각국 중앙은행들의 행보에 따른 과도한 밸류에이션 부담 높은 종목구엔 대한 부담 지속 -> 한국 증시 영향
1438,- 9월,9월(이미지 기준),- 9월 -> 9월(이미지 기준)
1440,(현재 상황,"현재상황, 기대 지수-> 기대지수)","(현재 상황 -> 현재상황, 기대 지수-> 기대지수)"
1445,- 니케이,닛케이 (이미지 제시된대로),- 니케이 -> 닛케이 (이미지 제시된대로)
1446,- -2% 안팎의,-2% 이상,- -2% 안팎의 -> -2% 이상
1447,- 미국 시장의 영향을 받아,미국 시장 영향 외에도 국경절 연휴를 앞두고 전력난 등 잠재적 리스크에 대비하는 매물이 출회했습니다.,- 미국 시장의 영향을 받아 -> 미국 시장 영향 외에도 국경절 연휴를 앞두고 전력난 등 잠재적 리스크에 대비하는 매물이 출회했습니다.
1448,- 원자재 관련 업종,씨크리컬 관련 (이미지대로 작성),- 원자재 관련 업종 -> 씨크리컬 관련 (이미지대로 작성)
1449,- 장기 위험 대비 거래대금,장기 연휴를 앞두고 거래대금~ 감소하는 추세가 나타났습니다 (이미지 의도대로 작성),- 장기 위험 대비 거래대금 -> 장기 연휴를 앞두고 거래대금~ 감소하는 추세가 나타났습니다 (이미지 의도대로 작성)
1450,- 인민은행은,"이강 인민은행장은 , 5-6% 전망과 함께 ~연장할 것임을 시사했습니다-> 5-6% 사이로 전망하며 ~연장하겠다고 밝혔습니다. (자연스럽게 수정)","- 인민은행은 -> 이강 인민은행장은 , 5-6% 전망과 함께 ~연장할 것임을 시사했습니다-> 5-6% 사이로 전망하며 ~연장하겠다고 밝혔습니다. (자연스럽게 수정)"
1451,- 변수로 작용할 가능성,우려를 완화시키기 위한 발언으로 분석됩니다. (염두에 둔 발언),- 변수로 작용할 가능성 -> 우려를 완화시키기 위한 발언으로 분석됩니다. (염두에 둔 발언)
1452,- 부유층 성향의 자본 유입: 이미지에서 확인불가합니다. (삭제),헝다그룹의 100억 규모 부채 상환 계획에 대한 소식으로 관련주가 상승했습니다. (수정),- 부유층 성향의 자본 유입: 이미지에서 확인불가합니다. (삭제) -> 헝다그룹의 100억 규모 부채 상환 계획에 대한 소식으로 관련주가 상승했습니다. (수정)
1453,- 시장 위험 요인으로 금리 상승과 정치적 불확실성 2가지가 언급되고 있습니다. 따라서 숫자형 항목을 1. 시장 위험 요인 2. 금리상승으로 두는것은 다소 애매합니다.,내용상 정치적 불확실성에 대한 내용이 잘린 것으로 보이기에 아시아 증시에 대한 동향까지 설명해달라는 질의가 적절하나 이미 작성하셨기에 검수진행하였습니다.,- 시장 위험 요인으로 금리 상승과 정치적 불확실성 2가지가 언급되고 있습니다. 따라서 숫자형 항목을 1. 시장 위험 요인 2. 금리상승으로 두는것은 다소 애매합니다. -> 내용상 정치적 불확실성에 대한 내용이 잘린 것으로 보이기에 아시아 증시에 대한 동향까지 설명해달라는 질의가 적절하나 이미 작성하셨기에 검수진행하였습니다.
1454,- 부정적 영향을 미쳤습니다,"미칠것으로 전망됩니다. ""","- 부정적 영향을 미쳤습니다 -> 미칠것으로 전망됩니다. """
1472,--,이미지와 다른 설명으로 보입니다. 이미지의 내용을 왜곡하지 않도록 재수정 부탁드립니다.,---> 이미지와 다른 설명으로 보입니다. 이미지의 내용을 왜곡하지 않도록 재수정 부탁드립니다.
1478,- 러셀지수가 대형 기술주의 견고한 실적과 함께 강세를 보였습니다.,"기술주의 견고한 실적으로 3대 지수가 사상치를 경신하는 가운데 중소형주는 횡보를 해왔으나, 보고서 작성 시점에는 대형 기술주가 부진함을 보이고 이에 중소형주 강세현상이 나타나 러셀지수가 상승했다는 흐름으로 전개되는 것이 적절해보입니다. (수정)","- 러셀지수가 대형 기술주의 견고한 실적과 함께 강세를 보였습니다. -> 기술주의 견고한 실적으로 3대 지수가 사상치를 경신하는 가운데 중소형주는 횡보를 해왔으나, 보고서 작성 시점에는 대형 기술주가 부진함을 보이고 이에 중소형주 강세현상이 나타나 러셀지수가 상승했다는 흐름으로 전개되는 것이 적절해보입니다. (수정)"
1479,- 계약 없이,"계약금 없이 , 사용할 -> 구매할","- 계약 없이 -> 계약금 없이 , 사용할 -> 구매할"
1481,"- 1조 7,500억 달러에 이를 수 있으며",보다 높아질 수 있으며,"- 1조 7,500억 달러에 이를 수 있으며 -> 보다 높아질 수 있으며"
1485,- 견고,"상승 (실제 수치가 전보다 증가했기에, 상승이란 표현이 더 적절한듯하여 수정하였습니다)","- 견고 -> 상승 (실제 수치가 전보다 증가했기에, 상승이란 표현이 더 적절한듯하여 수정하였습니다)"
1486,- 장기적으로는,전년 대비,- 장기적으로는-> 전년 대비
1488,답변-8. 언급,"~이유는 -때문입니다. 구조로 수정 ""","답변-8. 언급 -> ~이유는 -때문입니다. 구조로 수정 """
1503,"- GMP(yoy, QoQ)은 하락했습니다","전년 대비 증가, 전분기 대비 하락~ 으로 풀어서 수정하였습니다.","- GMP(yoy, QoQ)은 하락했습니다 -> 전년 대비 증가, 전분기 대비 하락~ 으로 풀어서 수정하였습니다."
1505,- 단기적으로는,단기 모멘텀으로는 (이미지대로 수정),- 단기적으로는 -> 단기 모멘텀으로는 (이미지대로 수정)
1506,답변-4. 공급망 안정화,인도량 안정화가 더 적절해 보입니다. 반도체 칩 공급 부족 문제는 사실상 니오가 자체적으로 해결할 수 있는 문제는 아닌 것으로 보입니다. 공장가동을 다시 정상적으로 시작했기에 인도량 안정화가 적절할 것으로 보입니다.,답변-4. 공급망 안정화-> 인도량 안정화가 더 적절해 보입니다. 반도체 칩 공급 부족 문제는 사실상 니오가 자체적으로 해결할 수 있는 문제는 아닌 것으로 보입니다. 공장가동을 다시 정상적으로 시작했기에 인도량 안정화가 적절할 것으로 보입니다. (검수자 수정)
1514,답변-2. 추가 접종이,부스터샷이 (이미지대로),답변-2. 추가 접종이 -> 부스터샷이 (이미지대로)
1517,- 정보가 부족하며,"불확실성이 높고(이미지와는 다소 다른 의미로 보여 수정하였습니다) , 전지구적인 위험 유발 추가","- 정보가 부족하며 -> 불확실성이 높고(이미지와는 다소 다른 의미로 보여 수정하였습니다) , 전지구적인 위험 유발 추가"
1526,(수요-공급 불균형 일부 부문,수요-공급 불균형 계속해서 높은 수준),(수요-공급 불균형 일부 부문 -> 수요-공급 불균형 계속해서 높은 수준)
1530,- 숫자형,불릿,- 숫자형 -> 불릿
1531,- 12월,2021년 12월 (시점 주의해주세요),- 12월 -> 2021년 12월 (시점 주의해주세요)
1532,- 내년,2022년,- 내년 -> 2022년
1534,- 내년,2022년,- 내년 -> 2022년
1535,"- 최근 삭제, 현재","현재(이미지 기준)""","- 최근 삭제, 현재 -> 현재(이미지 기준)"""
1542,- 10월,"2021년 10월 , 따옴표 삭제","- 10월 -> 2021년 10월 , 따옴표 삭제"
1543,- 피해갈,피해 갈,- 피해갈 -> 피해 갈
1545,- 재택화 추세,이미지 확인 불가 (재확대),- 재택화 추세 -> 이미지 확인 불가 (재확대)
1546,- 비용 상승으로 인한 단기 실적 전망이 이미 주가에 반영되어 있으며,주가보다는 OP에 반영한 것으로 보입니다.(수정),- 비용 상승으로 인한 단기 실적 전망이 이미 주가에 반영되어 있으며 -> 주가보다는 OP에 반영한 것으로 보입니다.(수정)
1547,"- 코로나19 관련 비용 축소에도 불구하고 신규 비용 요인이 나타났지만, 이는 단기적 요인으로 판단됩니다.",이미지와 다릅니다.,"- 코로나19 관련 비용 축소에도 불구하고 신규 비용 요인이 나타났지만, 이는 단기적 요인으로 판단됩니다. -> 이미지와 다릅니다."
1555,--,이미지와 다른 해석으로 보입니다. 이미지 왜곡없이 작성부탁드립니다.,---> 이미지와 다른 해석으로 보입니다. 이미지 왜곡없이 작성부탁드립니다.
1562,- 최근 : 시점과 관련하여 여러 작업물에서 오류가 많이 발견됩니다. 가이드 확인 부탁드립니다.,"삭제 , 최근(이미지 기준)","- 최근 : 시점과 관련하여 여러 작업물에서 오류가 많이 발견됩니다. 가이드 확인 부탁드립니다. -> 삭제 , 최근(이미지 기준)"
1563,- 경제 기사입니다.,기사로 확인되지는 않습니다. (보고서),- 경제 기사입니다. -> 기사로 확인되지는 않습니다. (보고서)
1564,- S&P500 지수,"지수 ""","- S&P500 지수 -> 지수 """
1575,- 경쟁 구도를 형성,이미지에서 확인할 수 없습니다. 구분된다 수준으로 나타납니다.,- 경쟁 구도를 형성 -> 이미지에서 확인할 수 없습니다. 구분된다 수준으로 나타납니다.
1579,- 보증기관 x,"보증 기관 없이 ""","- 보증기관 x-> 보증 기관 없이 """
1582,- 연말을 앞두고,연휴를 앞두고,- 연말을 앞두고 -> 연휴를 앞두고
1583,답변-6. 4분기,"2021년 , 내년 -> 2022년 ""","답변-6. 4분기 -> 2021년 , 내년 -> 2022년 """
1586,- 물가지표 발표를 기다리는 심리에~,"물가지표 발표를 앞두고 ""","- 물가지표 발표를 기다리는 심리에~-> 물가지표 발표를 앞두고 """
1597,- 물가지표 발표를 기다리는 심리에~,물가지표 발표를 앞두고,- 물가지표 발표를 기다리는 심리에~-> 물가지표 발표를 앞두고
1600,- 숫자형,불릿,- 숫자형 -> 불릿
1617,- 강도,기조를,- 강도 -> 기조를
1618,- 긍적적,긍정적인,- 긍적적 -> 긍정적인
1631,- 7월,2022년 7월,- 7월 -> 2022년 7월
1635,- 7월,2022년 7월,- 7월 -> 2022년 7월
1699,디지탈,디지털,디지탈 -> 디지털
1700,현황,상황,현황 -> 상황 (검수자 수정)
1701,69백만달러,69백만 달러,69백만달러 -> 69백만 달러
1821,현황,상황,현황 -> 상황
1844,지난해,2021년,지난해 -> 2021년
1845,현황,상황,현황 -> 상황
1921,-> 질의에 괄호 x // 지난달 대비 전년 대비 증가율,문장이 어색합니다.,-> 질의에 괄호 x // 지난달 대비 전년 대비 증가율 -> 문장이 어색합니다.
1937,금리인상,금리 인상,금리인상 -> 금리 인상
1942,-1.655%,약 -1.66%,-1.655% -> 약 -1.66%
1990,이전,지난 주 발표된,이전 -> 지난 주 발표된
2068,- 「축산물 위생관리법 시행규칙 제103조」,「축산물 위생관리법 시행규칙」 제31조,- 「축산물 위생관리법 시행규칙 제103조」 -> 「축산물 위생관리법 시행규칙」 제31조
2083,- 판매 시,매출 시,- 판매 시 -> 매출 시
2137,3. - 불릿으로 하위 항목 분리시 3칸 띄기,"4칸띄기 로 적용.""","3. - 불릿으로 하위 항목 분리시 3칸 띄기 -> 4칸띄기 로 적용."""
2154,- 수출액의 계산식은 다음과 같습니다.,수출액은 다음과 같이 추정됩니다.,- 수출액의 계산식은 다음과 같습니다. -> 수출액은 다음과 같이 추정됩니다.
2158,- 12월,2024년 12월,- 12월 -> 2024년 12월
2164,- 대외 여건,대외 수출 여건,- 대외 여건 -> 대외 수출 여건
2165,- 국내 경기,어려운 국내 정치 상황,- 국내 경기 -> 어려운 국내 정치 상황
2166,- 안장관은 ~ 밝혔습니다.,해당 구조가 계속 반복됩니다. (수정),- 안장관은 ~ 밝혔습니다. -> 해당 구조가 계속 반복됩니다. (수정)
2167,- 확보,"확보 지원을 ""","- 확보-> 확보 지원을 """
2176,-1분기,1분기(이미지 시점 기준),-1분기 -> 1분기(이미지 시점 기준)
2178,-  이슈는 불확실성을 높이는 핵심 리스크로 작용하고 있습니다.,이미지 왜곡: 미·중 무역갈등과 브렉시트 등의 이슈가 불확실성 요인으로 여전히 남아 있습니다.,-  이슈는 불확실성을 높이는 핵심 리스크로 작용하고 있습니다.-> 이미지 왜곡: 미·중 무역갈등과 브렉시트 등의 이슈가 불확실성 요인으로 여전히 남아 있습니다.
2179,- 내부 정치 부담,양국 집권층의 부담(이미지 대로),- 내부 정치 부담 -> 양국 집권층의 부담(이미지 대로)
2183,- 재고사이클과 경기 하락세,재고사이클상 경기 하락세,- 재고사이클과 경기 하락세 -> 재고사이클상 경기 하락세
2184,답변-6. 3월,"2019년 3월 ""","답변-6. 3월 -> 2019년 3월 """
2252,답변-8. 자료 기준 올해,"2018년 ""","답변-8. 자료 기준 올해 -> 2018년 """
2259,답변-4. 보고서 기준 작년,2017년,답변-4. 보고서 기준 작년 -> 2017년
2260,"- 이미지 내용을 근거로 보면, 호치민시의 저가 소형아파트 개발에 대한 전망은 긍정적으로 보입니다. (일정 부분 성공할 가능성이 높습니다",다소 애매한 표현으로 판단되어 수정하였습니다),"- 이미지 내용을 근거로 보면, 호치민시의 저가 소형아파트 개발에 대한 전망은 긍정적으로 보입니다. (일정 부분 성공할 가능성이 높습니다 -> 다소 애매한 표현으로 판단되어 수정하였습니다)"
2262,답변-8. 7년만의,"7년 만의 / 뒷부분 삭제 ""","답변-8. 7년만의 -> 7년 만의 / 뒷부분 삭제 """
2271,- 아시아,아시아 시장,- 아시아 -> 아시아 시장
2272,- 매도세가 겹치며~,매도세가 겹친다는 점 또한 하락 요인으로 작용하고 있습니다.,- 매도세가 겹치며~ -> 매도세가 겹친다는 점 또한 하락 요인으로 작용하고 있습니다.
2273,- 영향을 미쳤습니다.,"줄 수 있습니다. (이미지의도대로 작성) ""","- 영향을 미쳤습니다. -> 줄 수 있습니다. (이미지의도대로 작성) """
2276,- 줄글,구조화,- 줄글 -> 구조화
2279,답변-6. (자료 시점)현재,"현재(자료 시점) ""","답변-6. (자료 시점)현재 -> 현재(자료 시점) """
2282,- (자료 기준)최근,최근(자료 기준),- (자료 기준)최근 -> 최근(자료 기준)
2283,- 줄글,구조화 (키워드 생성 + 불릿),- 줄글 -> 구조화 (키워드 생성 + 불릿)
2284,답변-4. 영어,한국어로 수정,답변-4. 영어 -> 한국어로 수정
2288,- 줄글,"구조화 ""","- 줄글 -> 구조화 """
2291,- (자료 기준)최근,최근(자료 기준),- (자료 기준)최근 -> 최근(자료 기준)
2292,- 줄글,구조화 (키워드 생성 + 불릿),- 줄글 -> 구조화 (키워드 생성 + 불릿)
2293,답변-4. 영어,한국어로 수정,답변-4. 영어 -> 한국어로 수정
2297,- 필리핀·대만 반도체 지수가,필라델피아 반도체 지수,- 필리핀·대만 반도체 지수가 -> 필라델피아 반도체 지수
2298,- 20일,20일(자료 기준),- 20일 -> 20일(자료 기준)
2301,답변-6. 줄글,"구조화 ""","답변-6. 줄글 -> 구조화 """
2305,"- 또한, 가이드에 따르면 문장내 화살표와 같은 기호사용이 지양됩니다. (1",2) 와 같이 괄호 안에 작성되는 경우는 괜찮다고 하니 수정해주세요.,"- 또한, 가이드에 따르면 문장내 화살표와 같은 기호사용이 지양됩니다. (1->2) 와 같이 괄호 안에 작성되는 경우는 괜찮다고 하니 수정해주세요."
2314,답변-4. 줄글,불릿 구조화,답변-4. 줄글 -> 불릿 구조화
2317,-중국 경기 둔화,중국 헝다 그룹 사태 (이미지 제시된 대로),-중국 경기 둔화 -> 중국 헝다 그룹 사태 (이미지 제시된 대로)
2318,-(자료 기준)최근,최근(자료 기준),-(자료 기준)최근 -> 최근(자료 기준)
2329,- 투자 심리 개선으로 수정,"애플 주가 상승과 전기차 구매 촉진 발언으로 투자 심리가 개선될 가능성이 있습니다. ""","- 투자 심리 개선으로 수정 -> 애플 주가 상승과 전기차 구매 촉진 발언으로 투자 심리가 개선될 가능성이 있습니다. """
2336,"답변-6. 일부 문장 수정, 넘버링",불릿,"답변-6. 일부 문장 수정, 넘버링 -> 불릿"
2343,- 지난,2021년,- 지난 -> 2021년
2344,- 가격조정을 단행,가격을 조정했습니다.,- 가격조정을 단행-> 가격을 조정했습니다.
2390,- 띄어쓰기 두칸,한칸 수정,- 띄어쓰기 두칸 -> 한칸 수정
2391,-  콘택트 관련 종목군인 에너지·항공·금융 업종의 상승세가 이어졌으며,에너지·광산·금융 업종의 상승세가 이어졌으며,-  콘택트 관련 종목군인 에너지·항공·금융 업종의 상승세가 이어졌으며 -> 에너지·광산·금융 업종의 상승세가 이어졌으며
2393,- 문장 마지막 콜론,삭제,- 문장 마지막 콜론 -> 삭제
2394,- 결론 부분에 과도한 개인적 의견,삭제,- 결론 부분에 과도한 개인적 의견 -> 삭제
2402,- 전일,전일(보고서 작성일 기준),- 전일 -> 전일(보고서 작성일 기준)
2449,- 누락된 부분 추가: 자동표시기,이력번호 자동표시기,- 누락된 부분 추가: 자동표시기 -> 이력번호 자동표시기
2450,- 어색한 표현 수정: 시설 점검 및 보완 담당자를 지정하여,시설을 점검하고 보완 담당자를 지정하여,- 어색한 표현 수정: 시설 점검 및 보완 담당자를 지정하여 -> 시설을 점검하고 보완 담당자를 지정하여
2451,"- 자료에 없는 내용 삭제: 지정하여, 장비의 안정적인 운영을 관리합니다","지정합니다, 체계적으로 관리 -> 관리, 즉시 공지 -> 공지","- 자료에 없는 내용 삭제: 지정하여, 장비의 안정적인 운영을 관리합니다 -> 지정합니다, 체계적으로 관리 -> 관리, 즉시 공지 -> 공지"
2454,- 자료에 없는 내용 삭제: 확인하여 장비 운영에 필요한 자원이 원활히 공급되고 있는지 확인합니다,"확인합니다, 점검하여 데이터의 정확성과 신뢰성을 확보합니다 -> 점검합니다""","- 자료에 없는 내용 삭제: 확인하여 장비 운영에 필요한 자원이 원활히 공급되고 있는지 확인합니다 -> 확인합니다, 점검하여 데이터의 정확성과 신뢰성을 확보합니다 -> 점검합니다"""
2457,- 띄어쓰기 수정: 워밍업시,워밍업 시,- 띄어쓰기 수정: 워밍업시 -> 워밍업 시
2458,- 부정확한 내용 수정: 케이블 커버,"물기 제거기, 배관과 ~를 세척하여 -> 배관을 점검하고 ~를 세척하여","- 부정확한 내용 수정: 케이블 커버 -> 물기 제거기, 배관과 ~를 세척하여 -> 배관을 점검하고 ~를 세척하여"
2459,- 오타 수정: 수세,수세미,- 오타 수정: 수세 -> 수세미
2462,- 부정확한 내용 수정: 운행 전후 상태를 매일,"운행 전후 상태를""","- 부정확한 내용 수정: 운행 전후 상태를 매일 -> 운행 전후 상태를"""
2473,- 어색한 표현 수정: 신고 방법은 ~을 통해 가능합니다,"~을 통해 신고할 수 있습니다, 신고는 ~에 신고해야 -> 신고는 ~에 해야","- 어색한 표현 수정: 신고 방법은 ~을 통해 가능합니다 -> ~을 통해 신고할 수 있습니다, 신고는 ~에 신고해야 -> 신고는 ~에 해야"
2476,- 부정확한 내용 수정: 폐사 대상,"폐사 신고 대상""","- 부정확한 내용 수정: 폐사 대상 -> 폐사 신고 대상"""
2479,- 띄어쓰기 수정: 농업이미지,농업 이미지,- 띄어쓰기 수정: 농업이미지 -> 농업 이미지
2480,- 어색한 표현 수정: 표시 방법은 ~ 방식으로 할 수 있습니다,"표시 방법에는 ~ 방식 등이 있습니다""","- 어색한 표현 수정: 표시 방법은 ~ 방식으로 할 수 있습니다 -> 표시 방법에는 ~ 방식 등이 있습니다"""
2487,- 오타 수정: 고정번 번호의,"고정된 번호인, 입묵기기 -> 입묵기""","- 오타 수정: 고정번 번호의 -> 고정된 번호인, 입묵기기 -> 입묵기"""
2512,- 어색한 표현 수정: 이동 레일을 통해 이동하지 않고 도축장과 연접한 포장처리업소로 이동하더라도 도축장 밖으로 잠깐이라도 나갈 경우에는,"돼지도체를 도축장과 인접한 포장처리업소로 이동하더라도 도체가 도축장 밖으로 나간다면""","- 어색한 표현 수정: 이동 레일을 통해 이동하지 않고 도축장과 연접한 포장처리업소로 이동하더라도 도축장 밖으로 잠깐이라도 나갈 경우에는 -> 돼지도체를 도축장과 인접한 포장처리업소로 이동하더라도 도체가 도축장 밖으로 나간다면"""
2524,- 오타 수정: 것 전망되며,것으로 전망되며,- 오타 수정: 것 전망되며 -> 것으로 전망되며
2525,- 부정확한 내용 수정: 2022년 1분기에 사용자 수 및 광고 노출량 증가세가 둔화될,"2022년 상반기에 사용자 수 및 광고 노출량 증가세 둔화가 지속될, 소비와 -> 우호적인 미국 소비와, 2분기 -> 하반기","- 부정확한 내용 수정: 2022년 1분기에 사용자 수 및 광고 노출량 증가세가 둔화될 -> 2022년 상반기에 사용자 수 및 광고 노출량 증가세 둔화가 지속될, 소비와 -> 우호적인 미국 소비와, 2분기 -> 하반기"
2529,- 어색한 표현 수정: 2017년보다 43%p 더 하락했습니다,2017년보다 43%p 더 낮았습니다,- 어색한 표현 수정: 2017년보다 43%p 더 하락했습니다 -> 2017년보다 43%p 더 낮았습니다
2532,- 어색한 표현 수정: ~로 인해 ~에 부정적인 영향을,"~가 ~에 부정적인 영향을, ~로 인해 ~을 초래 -> ~가 ~을 초래","- 어색한 표현 수정: ~로 인해 ~에 부정적인 영향을 -> ~가 ~에 부정적인 영향을, ~로 인해 ~을 초래 -> ~가 ~을 초래"
2533,- 오타 수정:  0.2% 웃돌았습니다,"0.2%를 웃돌았습니다""","- 오타 수정:  0.2% 웃돌았습니다 -> 0.2%를 웃돌았습니다"""
2545,- 부정확한 내용 수정: IPO로 인한 수급 불안이 악재성 재료에 민감하게 반응,IPO가 수급 불균형을 야기하여 악재성 재료에 민감하게 반응,- 부정확한 내용 수정: IPO로 인한 수급 불안이 악재성 재료에 민감하게 반응 -> IPO가 수급 불균형을 야기하여 악재성 재료에 민감하게 반응
2549,- 부정확한 내용 수정: 5.2%,"4.8%, 낮았지만 -> 높았으며""","- 부정확한 내용 수정: 5.2% -> 4.8%, 낮았지만 -> 높았으며"""
2557,- 어색한 표현 수정: 부정적으로 미국 증시에 작용,"미국 증시에 부정적으로 작용""","- 어색한 표현 수정: 부정적으로 미국 증시에 작용 -> 미국 증시에 부정적으로 작용"""
2565,- 부정확한 내용 수정: 이사의 발언으로 3월 50bp 금리 인상 가능성이 제기되면서,"이사는 3월 50bp 금리 인상을 단행하지 않을 것이라고 언급했지만 50bp 인상에 대한 이야기가 나왔다는 점 때문에, 국제 유가의 급등이 인플레이션 장기화 우려를 키우며 -> 국제 유가가 2014년 이후 최고치를 기록하고 높은 인플레이션 장기화에 대한 우려가 커지면서""","- 부정확한 내용 수정: 이사의 발언으로 3월 50bp 금리 인상 가능성이 제기되면서 -> 이사는 3월 50bp 금리 인상을 단행하지 않을 것이라고 언급했지만 50bp 인상에 대한 이야기가 나왔다는 점 때문에, 국제 유가의 급등이 인플레이션 장기화 우려를 키우며 -> 국제 유가가 2014년 이후 최고치를 기록하고 높은 인플레이션 장기화에 대한 우려가 커지면서"""
2568,- 어색한 표현 수정: 기대감은 중심으로,"기대감 등은""","- 어색한 표현 수정: 기대감은 중심으로 -> 기대감 등은"""
2576,- 부정확한 내용(OCR 오류) 수정: 국채금리가,"국제 유가, 재차 안정 -> 채권 입찰, 확산이 -> 화두가","- 부정확한 내용(OCR 오류) 수정: 국채금리가 -> 국제 유가, 재차 안정 -> 채권 입찰, 확산이 -> 화두가"
2589,- 어색한 표현 수정: 독일 및 유럽 각국,독일 등 유럽 각국,- 어색한 표현 수정: 독일 및 유럽 각국 -> 독일 등 유럽 각국
2592,- 부정확한 내용 수정: 160만,"16만""","- 부정확한 내용 수정: 160만  -> 16만"""
2596,"- 어색한 표현 수정: 영향을 미치며, 특히 기술주에서 더 크게 나타납니다","영향을 미치며, 특히 기술주에서 더욱 그러합니다""","- 어색한 표현 수정: 영향을 미치며, 특히 기술주에서 더 크게 나타납니다 -> 영향을 미치며, 특히 기술주에서 더욱 그러합니다"""
2602,- 누락된 부분 추가: 밀 가격,대두 가격과 밀 가격,- 누락된 부분 추가: 밀 가격 -> 대두 가격과 밀 가격
2605,- 부정확한 내용 수정: 재료,"업종 이슈""","- 부정확한 내용 수정: 재료 -> 업종 이슈"""
2616,- 오타 수정: 의장의,"의장이""","- 오타 수정: 의장의 -> 의장이"""
2619,- 부정확한 내용 수정: 일시 중지를,일시 중지 종료를 앞두고 관련 시기를,- 부정확한 내용 수정: 일시 중지를 -> 일시 중지 종료를 앞두고 관련 시기를
2622,- 오타 수정: 시장의,"시장이""","- 오타 수정: 시장의 -> 시장이"""
2633,- 하회 한,"하회한""","- 하회 한 -> 하회한"""
2673,- 수행하는,표기하는,- 수행하는 -> 표기하는
2694,- 이력관리대상푹산물,이력관리대상축산물,- 이력관리대상푹산물 -> 이력관리대상축산물
2695,- 거래명에서,거래명세서,- 거래명에서 -> 거래명세서
2696,- 인터넷 홈페이지),인터넷 홈페이지,- 인터넷 홈페이지) -> 인터넷 홈페이지
2704,질의-3) 이력관리대상출산물,이력관리대상축산물,질의-3) 이력관리대상출산물 -> 이력관리대상축산물
2718,- 지난해,삭제,- 지난해 -> 삭제
2719,- 최근,자료 작성 시점 기준 최근,- 최근 -> 자료 작성 시점 기준 최근
2967,주요,대형,주요 -> 대형
3073,- 검영본부장이 허가한,고시한 동물용 의약품등 취급규칙에 따라 허가 받은 기기만,- 검영본부장이 허가한 -> 고시한 동물용 의약품등 취급규칙에 따라 허가 받은 기기만
3082,- 가축 전염병 예방을 위해,가축 전염볍 예방법 시행규칙 제17조와 제19조에 따라,- 가축 전염병 예방을 위해 -> 가축 전염볍 예방법 시행규칙 제17조와 제19조에 따라
3105,- 확인 및 수정,확인 후 수정,- 확인 및 수정 -> 확인 후 수정 (검수자 수정)
3110,- 전산 신고대상에 해당하는 자와 관련된 설명이 이미지와 다른 부분이 있습니다.,식육포장처리업자 중 영업자의 전년도 연간 평균 종업원이 5명 이상인자입니다 .,- 전산 신고대상에 해당하는 자와 관련된 설명이 이미지와 다른 부분이 있습니다. -> 식육포장처리업자 중 영업자의 전년도 연간 평균 종업원이 5명 이상인자입니다 .
3129,- 묶을수 있습니다,묶음번호를 구성할 수 있습니다.,- 묶을수 있습니다 -> 묶음번호를 구성할 수 있습니다.
3148,답변-2. 소나 돼지를 기르는,"이력관리대상가축을 기르는 (검수자 수정) ""","답변-2. 소나 돼지를 기르는 -> 이력관리대상가축을 기르는 (검수자 수정) """
3157,- 거쳐 신청서를 제출해야 합니다,이력지원실에 발급신청서를 제출해야합니다.,- 거쳐 신청서를 제출해야 합니다 -> 이력지원실에 발급신청서를 제출해야합니다.
3158,- 신청서의 적정성,발급신청서의 가축사육시설에 대한 적정성,- 신청서의 적정성 -> 발급신청서의 가축사육시설에 대한 적정성
3163,- 축종에 따라 신고 방법이 다릅니다,구체적으로 작성해주세요 (반려),- 축종에 따라 신고 방법이 다릅니다 -> 구체적으로 작성해주세요 (반려)
3164,- 변동 사항,변동여부 등에 대하여,- 변동 사항 -> 변동여부 등에 대하여  (검수자 수정)
3174,- 업무 처리,"포장 처리 ""","- 업무 처리 -> 포장 처리 """
3183,- 여러개를 묻는 듯한 질의는 지양됩니다.,'묶음번호가 어떻게 생성되는지에 대해 설명해줘'로 수정해주세요.,- 여러개를 묻는 듯한 질의는 지양됩니다. -> '묶음번호가 어떻게 생성되는지에 대해 설명해줘'로 수정해주세요.
3187,"질의-5. 이력관리법률에 따라 이력번호를 관리해야 하는 축산물은 구체적으로 무엇이며, 부산물은 왜 해당되지 않아?",여러개를 묻는 질의는 지양됩니다.,"질의-5. 이력관리법률에 따라 이력번호를 관리해야 하는 축산물은 구체적으로 무엇이며, 부산물은 왜 해당되지 않아? -> 여러개를 묻는 질의는 지양됩니다."
3193,답변-2. 자동 표시기,"자동 이력번호 표시기, 휴대용 표시기 -> 휴대용 이력번호 표시기(검수자 수정) ""","답변-2. 자동 표시기 -> 자동 이력번호 표시기, 휴대용 표시기 -> 휴대용 이력번호 표시기(검수자 수정) """
3201,- 이력번호 표시 원칙,속포장지와 박스 포장지의 이력번호가 다른 경우,- 이력번호 표시 원칙 -> 속포장지와 박스 포장지의 이력번호가 다른 경우
3222,- 이러한,제시된,- 이러한 -> 제시된
3241,ex) 아키텍쳐,마이크로 아키텍쳐,ex) 아키텍쳐 -> 마이크로 아키텍쳐
3251,- 최근,최근(이미지 기준) 시점이 다르기에 명확하게 표현해줘야합니다.,- 최근-> 최근(이미지 기준) 시점이 다르기에 명확하게 표현해줘야합니다.
3252,- 전력 효율성,소비전력,- 전력 효율성 -> 소비전력
3253,- 문제,스케쥴러 문제,- 문제 -> 스케쥴러 문제
3260,- 하이브리드 아키텍쳐~ 삭제,소비전력 저감을 위한 기술 개발,- 하이브리드 아키텍쳐~ 삭제-> 소비전력 저감을 위한 기술 개발
3264,답변-4. 일부 용어 및 문장 수정 : 합니다,"됩니다, 현재 삭제 등","답변-4. 일부 용어 및 문장 수정 : 합니다 -> 됩니다, 현재 삭제 등"
3277,답변-6. 원인 2 (OPEC+ 대응 가능성 부각),"OPEC+ 대응 가능성 부각""","답변-6. 원인 2 (OPEC+ 대응 가능성 부각) -> OPEC+ 대응 가능성 부각"""
3281,- 기술적 반등 기대,기술적 반등과 관련한 설명은 이미지에서 확인할 수 없습니다. 이미지에 기반한 설명으로 볼 수 없습니다.,- 기술적 반등 기대 -> 기술적 반등과 관련한 설명은 이미지에서 확인할 수 없습니다. 이미지에 기반한 설명으로 볼 수 없습니다.
3289,답변-2. 최근,최근(이미지 시점 기준),답변-2. 최근 -> 최근(이미지 시점 기준)
3290,- 줄글,불릿,- 줄글 -> 불릿
3293,답변-6. 최근,"최근(이미지 시점 기준)""","답변-6. 최근 -> 최근(이미지 시점 기준)"""
3298,- 최근,최근(이미지 시점 기준),- 최근 -> 최근(이미지 시점 기준)
3309,답변-4. 그 근거는 다음과 같습니다,서론으로 옮김,답변-4. 그 근거는 다음과 같습니다 -> 서론으로 옮김(검수자 수정)
3314,- 기술적 되돌림,"기술적 되돌림인지 확인 불가합니다. 수정해주세요 ""","- 기술적 되돌림 -> 기술적 되돌림인지 확인 불가합니다. 수정해주세요 """
3321,답변-4. 지속적인 고성장,성장을 (과도한 추론),답변-4. 지속적인 고성장 -> 성장을 (과도한 추론)
3334,답변=4. 펀더멘탈,"실제 경기 지표 , 일부 문장 수정","답변=4. 펀더멘탈 -> 실제 경기 지표 , 일부 문장 수정"
3342,- 시점을 명확히 구분해주세요 ex) 9월,9월(이미지 시점 기준),- 시점을 명확히 구분해주세요 ex) 9월 -> 9월(이미지 시점 기준)
3347,답변-4. 근거는 다음과 같습니다~,서론 부분으로 옮겨주세요,답변-4. 근거는 다음과 같습니다~ -> 서론 부분으로 옮겨주세요
3366,답변-4. (검수자 수정 완료) 제한합니다.,제한될 가능성이 있습니다.,답변-4. (검수자 수정 완료) 제한합니다. -> 제한될 가능성이 있습니다.
3367,요인이 됩니다.,요인으로 작용할 것으로 예상됩니다.,요인이 됩니다.-> 요인으로 작용할 것으로 예상됩니다.
3380,(보고서는 ~주장/언급/설명합니다,와 같은 문장으로 꼭 구성되지 않아도 될 경우에는 수정한 방식과 같이 작성되는 것을 지향합니다),(보고서는 ~주장/언급/설명합니다 ->와 같은 문장으로 꼭 구성되지 않아도 될 경우에는 수정한 방식과 같이 작성되는 것을 지향합니다)
3382,"""답변-2. 미국/유럽",미국 및 유럽,"""답변-2. 미국/유럽 -> 미국 및 유럽"
3391,답변-6. 8월,"8월(이미지 시점 기준) ""","답변-6. 8월 -> 8월(이미지 시점 기준) """
